{
  "cosine_similarity_mean": 0.0044377706944942474,
  "cosine_similarity_median": 0.0053547099232673645,
  "cosine_similarity_std": 0.03223375603556633,
  "cosine_similarity_min": -0.12161844223737717,
  "cosine_similarity_max": 0.10801567137241364,
  "token_similarity_mean": 0.00022792455274611712,
  "mse_loss": 1.8786319494247437,
  "l1_loss": 0.9733531475067139,
  "high_quality_percentage": 0.0,
  "very_high_quality_percentage": 0.0,
  "excellent_quality_percentage": 0.0,
  "num_samples": 1000,
  "evaluation_time_seconds": 62.2619845867157,
  "samples_per_second": 16.061164876735415,
  "inference_steps": 50,
  "use_heun_solver": true,
  "denormalized": false
}