{
  "cosine_similarity_mean": -0.0007704236195422709,
  "cosine_similarity_median": -0.0016048664692789316,
  "cosine_similarity_std": 0.03169665485620499,
  "cosine_similarity_min": -0.09375491738319397,
  "cosine_similarity_max": 0.1112888902425766,
  "token_similarity_mean": -1.1457316873020318e-07,
  "mse_loss": 1.900665283203125,
  "l1_loss": 0.9806799292564392,
  "high_quality_percentage": 0.0,
  "very_high_quality_percentage": 0.0,
  "excellent_quality_percentage": 0.0,
  "num_samples": 1000,
  "evaluation_time_seconds": 62.770440101623535,
  "samples_per_second": 15.931065615933692,
  "inference_steps": 50,
  "use_heun_solver": true,
  "denormalized": false
}