{
  "cosine_similarity_mean": 0.005249022040516138,
  "cosine_similarity_median": 0.00556816766038537,
  "cosine_similarity_std": 0.03218260779976845,
  "cosine_similarity_min": -0.11581765115261078,
  "cosine_similarity_max": 0.11803466826677322,
  "token_similarity_mean": 0.000314948643790558,
  "mse_loss": 1.887894868850708,
  "l1_loss": 0.9764736294746399,
  "high_quality_percentage": 0.0,
  "very_high_quality_percentage": 0.0,
  "excellent_quality_percentage": 0.0,
  "num_samples": 1000,
  "evaluation_time_seconds": 61.98970055580139,
  "samples_per_second": 16.131712059164215,
  "inference_steps": 50,
  "use_heun_solver": true,
  "denormalized": false
}