{
  "cosine_similarity_mean": 0.005407922901213169,
  "cosine_similarity_median": 0.005261795595288277,
  "cosine_similarity_std": 0.031600866466760635,
  "cosine_similarity_min": -0.07575461268424988,
  "cosine_similarity_max": 0.12681543827056885,
  "token_similarity_mean": 0.0002857825893443078,
  "mse_loss": 1.8775324821472168,
  "l1_loss": 0.9730740189552307,
  "high_quality_percentage": 0.0,
  "very_high_quality_percentage": 0.0,
  "excellent_quality_percentage": 0.0,
  "num_samples": 1000,
  "evaluation_time_seconds": 61.670445919036865,
  "samples_per_second": 16.215222463493053,
  "inference_steps": 50,
  "use_heun_solver": true,
  "denormalized": false
}